{
  "Get Productos" : {
    "transaction" : "Get Productos",
    "sampleCount" : 50,
    "errorCount" : 0,
    "errorPct" : 0.0,
    "meanResTime" : 136.38000000000005,
    "medianResTime" : 131.0,
    "minResTime" : 129.0,
    "maxResTime" : 179.0,
    "pct1ResTime" : 152.5,
    "pct2ResTime" : 166.79999999999998,
    "pct3ResTime" : 179.0,
    "throughput" : 4.557469692826542,
    "receivedKBytesPerSec" : 24.963718268617264,
    "sentKBytesPerSec" : 0.8322722974204722
  },
  "Total" : {
    "transaction" : "Total",
    "sampleCount" : 250,
    "errorCount" : 0,
    "errorPct" : 0.0,
    "meanResTime" : 108.78400000000003,
    "medianResTime" : 130.0,
    "minResTime" : 64.0,
    "maxResTime" : 179.0,
    "pct1ResTime" : 139.9,
    "pct2ResTime" : 145.0,
    "pct3ResTime" : 166.96000000000004,
    "throughput" : 21.916367142982377,
    "receivedKBytesPerSec" : 46.62792720478654,
    "sentKBytesPerSec" : 3.9894637064960112
  },
  "Get Usuarios" : {
    "transaction" : "Get Usuarios",
    "sampleCount" : 50,
    "errorCount" : 0,
    "errorPct" : 0.0,
    "meanResTime" : 68.92000000000004,
    "medianResTime" : 66.0,
    "minResTime" : 64.0,
    "maxResTime" : 108.0,
    "pct1ResTime" : 75.8,
    "pct2ResTime" : 79.44999999999999,
    "pct3ResTime" : 108.0,
    "throughput" : 4.582951420714941,
    "receivedKBytesPerSec" : 3.8892429537121904,
    "sentKBytesPerSec" : 0.8324501604032997
  },
  "Get Carritos" : {
    "transaction" : "Get Carritos",
    "sampleCount" : 50,
    "errorCount" : 0,
    "errorPct" : 0.0,
    "meanResTime" : 133.87999999999994,
    "medianResTime" : 131.5,
    "minResTime" : 128.0,
    "maxResTime" : 154.0,
    "pct1ResTime" : 144.9,
    "pct2ResTime" : 145.45,
    "pct3ResTime" : 154.0,
    "throughput" : 4.5562238017131405,
    "receivedKBytesPerSec" : 7.127998564789502,
    "sentKBytesPerSec" : 0.8275953389830508
  },
  "Get Órdenes" : {
    "transaction" : "Get Órdenes",
    "sampleCount" : 50,
    "errorCount" : 0,
    "errorPct" : 0.0,
    "meanResTime" : 133.77999999999997,
    "medianResTime" : 131.5,
    "minResTime" : 128.0,
    "maxResTime" : 147.0,
    "pct1ResTime" : 143.8,
    "pct2ResTime" : 145.89999999999998,
    "pct3ResTime" : 147.0,
    "throughput" : 4.555808656036446,
    "receivedKBytesPerSec" : 8.675612186788156,
    "sentKBytesPerSec" : 0.8230708997722096
  },
  "Get Categorías" : {
    "transaction" : "Get Categorías",
    "sampleCount" : 50,
    "errorCount" : 0,
    "errorPct" : 0.0,
    "meanResTime" : 70.96,
    "medianResTime" : 67.0,
    "minResTime" : 64.0,
    "maxResTime" : 120.0,
    "pct1ResTime" : 83.69999999999999,
    "pct2ResTime" : 96.59999999999997,
    "pct3ResTime" : 120.0,
    "throughput" : 4.567878677142335,
    "receivedKBytesPerSec" : 3.8496868148181984,
    "sentKBytesPerSec" : 0.8386339758816006
  }
}